"old_url","old_path","action","new_url","new_path","expected_status","robots","lang","title","source","note"
"https://okhlopkov.com/183-ai-bots-telegram-44m-users/","/183-ai-bots-telegram-44m-users/","preserve_same_path","https://okhlopkov.com/183-ai-bots-telegram-44m-users/","/183-ai-bots-telegram-44m-users/","200","index, follow","en","183 AI Bots on Telegram with 44M Users: What the Data Shows","imported_article","Imported into the normal article catalog with original path, canonical URL and shared article renderer."
"https://okhlopkov.com/183-ai-bots-telegram-research/","/183-ai-bots-telegram-research/","preserve_same_path","https://okhlopkov.com/183-ai-bots-telegram-research/","/183-ai-bots-telegram-research/","200","index, follow","ru","183 AI-бота в Telegram с 44M MAU: что показывают данные","imported_article","Imported into the normal article catalog with original path, canonical URL and shared article renderer."
"https://okhlopkov.com/cn-ai-tools-march-2026/","/cn-ai-tools-march-2026/","preserve_same_path","https://okhlopkov.com/cn-ai-tools-march-2026/","/cn-ai-tools-march-2026/","200","index, follow","zh","2026年3月我实测的AI工具:真实评测","imported_article","Imported into the normal article catalog with original path, canonical URL and shared article renderer."
"https://okhlopkov.com/21-questions-ai-agent-knowledge-gaps/","/21-questions-ai-agent-knowledge-gaps/","preserve_same_path","https://okhlopkov.com/21-questions-ai-agent-knowledge-gaps/","/21-questions-ai-agent-knowledge-gaps/","200","index, follow","en","21 Questions That Expose Gaps in Your AI Agent's Knowledge","imported_article","Imported into the normal article catalog with original path, canonical URL and shared article renderer."
"https://okhlopkov.com/21-question-ai-agent/","/21-question-ai-agent/","preserve_same_path","https://okhlopkov.com/21-question-ai-agent/","/21-question-ai-agent/","200","index, follow","ru","21 вопрос, который покажет слабые места вашего AI-агента","imported_article","Imported into the normal article catalog with original path, canonical URL and shared article renderer."
"https://okhlopkov.com/cn-21-questions-ai-agent/","/cn-21-questions-ai-agent/","preserve_same_path","https://okhlopkov.com/cn-21-questions-ai-agent/","/cn-21-questions-ai-agent/","200","index, follow","zh","21个问题揭露你AI代理的知识盲区","imported_article","Imported into the normal article catalog with original path, canonical URL and shared article renderer."
"https://okhlopkov.com/ai-tools-march-2026-honest-review/","/ai-tools-march-2026-honest-review/","preserve_same_path","https://okhlopkov.com/ai-tools-march-2026-honest-review/","/ai-tools-march-2026-honest-review/","200","index, follow","en","AI Tools I Actually Tried in March 2026: Honest Review","imported_article","Imported into the normal article catalog with original path, canonical URL and shared article renderer."
"https://okhlopkov.com/ai-agent-na-servere-24-7/","/ai-agent-na-servere-24-7/","preserve_same_path","https://okhlopkov.com/ai-agent-na-servere-24-7/","/ai-agent-na-servere-24-7/","200","index, follow","ru","AI-агент на сервере 24/7: как я запустил Claude Code на VPS","imported_article","Imported into the normal article catalog with original path, canonical URL and shared article renderer."
"https://okhlopkov.com/ai-tools-march-2026-review/","/ai-tools-march-2026-review/","preserve_same_path","https://okhlopkov.com/ai-tools-march-2026-review/","/ai-tools-march-2026-review/","200","index, follow","ru","AI-инструменты, которые я попробовал в марте 2026: честный обзор","imported_article","Imported into the normal article catalog with original path, canonical URL and shared article renderer."
"https://okhlopkov.com/always-on-ai-agent-server-setup/","/always-on-ai-agent-server-setup/","preserve_same_path","https://okhlopkov.com/always-on-ai-agent-server-setup/","/always-on-ai-agent-server-setup/","200","index, follow","en","Always-On AI Agent: Running Claude Code 24/7 on a Server","imported_article","Imported into the normal article catalog with original path, canonical URL and shared article renderer."
"https://okhlopkov.com/telegram-mcp-server-guide/","/telegram-mcp-server-guide/","preserve_same_path","https://okhlopkov.com/telegram-mcp-server-guide/","/telegram-mcp-server-guide/","200","index, follow","en","Telegram MCP Server for Claude Code: Telethon, MTProto and Real Workflows","imported_article","Imported into the normal article catalog with original path, canonical URL and shared article renderer."
"https://okhlopkov.com/claude-code-compaction-explained/","/claude-code-compaction-explained/","preserve_same_path","https://okhlopkov.com/claude-code-compaction-explained/","/claude-code-compaction-explained/","200","index, follow","en","Claude Code /compact: Context Compression, Compaction Prompts, What Survives","imported_article","Imported into the normal article catalog with original path, canonical URL and shared article renderer."
"https://okhlopkov.com/claude-code-compaction-kak-rabotaet/","/claude-code-compaction-kak-rabotaet/","preserve_same_path","https://okhlopkov.com/claude-code-compaction-kak-rabotaet/","/claude-code-compaction-kak-rabotaet/","200","index, follow","ru","/compact в Claude Code: как работает сжатие контекста","imported_article","Imported into the normal article catalog with original path, canonical URL and shared article renderer."
"https://okhlopkov.com/decentralized-ai-compute-cocoon-bittensor-gonka/","/decentralized-ai-compute-cocoon-bittensor-gonka/","preserve_same_path","https://okhlopkov.com/decentralized-ai-compute-cocoon-bittensor-gonka/","/decentralized-ai-compute-cocoon-bittensor-gonka/","200","index, follow","en","Decentralized AI Compute: Cocoon vs Bittensor vs Gonka Compared","imported_article","Imported into the normal article catalog with original path, canonical URL and shared article renderer."
"https://okhlopkov.com/telegram-mcp-server-kak-sdelat/","/telegram-mcp-server-kak-sdelat/","preserve_same_path","https://okhlopkov.com/telegram-mcp-server-kak-sdelat/","/telegram-mcp-server-kak-sdelat/","200","index, follow","ru","Telegram MCP Server для Claude Code: пошаговый гайд","imported_article","Imported into the normal article catalog with original path, canonical URL and shared article renderer."
"https://okhlopkov.com/cn-183-ai-bots-telegram/","/cn-183-ai-bots-telegram/","preserve_same_path","https://okhlopkov.com/cn-183-ai-bots-telegram/","/cn-183-ai-bots-telegram/","200","index, follow","zh","Telegram上183个AI机器人,4400万用户:数据揭示了什么","imported_article","Imported into the normal article catalog with original path, canonical URL and shared article renderer."
"https://okhlopkov.com/cn-claude-code-setup-mcp-hooks-skills-2026/","/cn-claude-code-setup-mcp-hooks-skills-2026/","preserve_same_path","https://okhlopkov.com/cn-claude-code-setup-mcp-hooks-skills-2026/","/cn-claude-code-setup-mcp-hooks-skills-2026/","200","index, follow","zh","Claude Code配置：MCP、Hooks、Skills — 2026真实使用","imported_article","Imported into the normal article catalog with original path, canonical URL and shared article renderer."
"https://okhlopkov.com/claude-code-setup-mcp-hooks-skills-2026/","/claude-code-setup-mcp-hooks-skills-2026/","preserve_same_path","https://okhlopkov.com/claude-code-setup-mcp-hooks-skills-2026/","/claude-code-setup-mcp-hooks-skills-2026/","200","index, follow","en","My Claude Code Setup: MCP Servers, Hooks, Skills and Agents (2026)","imported_article","Imported into the normal article catalog with original path, canonical URL and shared article renderer."
"https://okhlopkov.com/claude-code-nastrojka-mcp-hooks-skills-2026/","/claude-code-nastrojka-mcp-hooks-skills-2026/","preserve_same_path","https://okhlopkov.com/claude-code-nastrojka-mcp-hooks-skills-2026/","/claude-code-nastrojka-mcp-hooks-skills-2026/","200","index, follow","ru","Claude Code: настройка MCP, Hooks и Skills в 2026 — мой рабочий сетап","imported_article","Imported into the normal article catalog with original path, canonical URL and shared article renderer."
"https://okhlopkov.com/en-claude-codex-dual-review/","/en-claude-codex-dual-review/","preserve_same_path","https://okhlopkov.com/en-claude-codex-dual-review/","/en-claude-codex-dual-review/","200","index, follow","en","Claude Code + Codex Dual Review: How Two AI Agents Cross-Check Each Other's Plans","imported_article","Imported into the normal article catalog with original path, canonical URL and shared article renderer."
"https://okhlopkov.com/cn-claude-codex-dual-review/","/cn-claude-codex-dual-review/","preserve_same_path","https://okhlopkov.com/cn-claude-codex-dual-review/","/cn-claude-codex-dual-review/","200","index, follow","zh","Claude Code + Codex双重审查：两个AI代理如何交叉检查彼此的计划","imported_article","Imported into the normal article catalog with original path, canonical URL and shared article renderer."
"https://okhlopkov.com/legalnyj-ai-setup-claude-codex-crontab/","/legalnyj-ai-setup-claude-codex-crontab/","preserve_same_path","https://okhlopkov.com/legalnyj-ai-setup-claude-codex-crontab/","/legalnyj-ai-setup-claude-codex-crontab/","200","index, follow","ru","Мой легальный AI-сетап за $120/мес: Claude Code + Codex + crontab","imported_article","Imported into the normal article catalog with original path, canonical URL and shared article renderer."
"https://okhlopkov.com/claude-codex-dual-review/","/claude-codex-dual-review/","preserve_same_path","https://okhlopkov.com/claude-codex-dual-review/","/claude-codex-dual-review/","200","index, follow","ru","Claude Code + Codex: двойное ревью AI-агентов через MCP","imported_article","Imported into the normal article catalog with original path, canonical URL and shared article renderer."
"https://okhlopkov.com/en-telegram-ads-61k-search-queries-analysis/","/en-telegram-ads-61k-search-queries-analysis/","preserve_same_path","https://okhlopkov.com/en-telegram-ads-61k-search-queries-analysis/","/en-telegram-ads-61k-search-queries-analysis/","200","index, follow","en","Telegram Ads Keyword Analysis: 61,000 Search Queries from 3,100+ Advertisers","imported_article","Imported into the normal article catalog with original path, canonical URL and shared article renderer."
"https://okhlopkov.com/cn-telegram-ads-61k-search-queries-analysis/","/cn-telegram-ads-61k-search-queries-analysis/","preserve_same_path","https://okhlopkov.com/cn-telegram-ads-61k-search-queries-analysis/","/cn-telegram-ads-61k-search-queries-analysis/","200","index, follow","zh","Telegram Ads关键词分析：来自3100+广告商的61000个搜索查询","imported_article","Imported into the normal article catalog with original path, canonical URL and shared article renderer."
"https://okhlopkov.com/en-fake-claude-code-phishing-site-google/","/en-fake-claude-code-phishing-site-google/","preserve_same_path","https://okhlopkov.com/en-fake-claude-code-phishing-site-google/","/en-fake-claude-code-phishing-site-google/","200","index, follow","en","Fake Claude Code Website: How I Found a Phishing Site in Google Ads","imported_article","Imported into the normal article catalog with original path, canonical URL and shared article renderer."
"https://okhlopkov.com/cn-fake-claude-code-phishing-site-google/","/cn-fake-claude-code-phishing-site-google/","preserve_same_path","https://okhlopkov.com/cn-fake-claude-code-phishing-site-google/","/cn-fake-claude-code-phishing-site-google/","200","index, follow","zh","假冒Claude Code网站：我如何在Google Ads中发现钓鱼网站","imported_article","Imported into the normal article catalog with original path, canonical URL and shared article renderer."
"https://okhlopkov.com/en-automated-ton-data-analysis-ai-agent-habr/","/en-automated-ton-data-analysis-ai-agent-habr/","preserve_same_path","https://okhlopkov.com/en-automated-ton-data-analysis-ai-agent-habr/","/en-automated-ton-data-analysis-ai-agent-habr/","200","index, follow","en","How I Automated TON Blockchain Data Analysis with an AI Agent — Habr Article","imported_article","Imported into the normal article catalog with original path, canonical URL and shared article renderer."
"https://okhlopkov.com/avtomatizaciya-analiza-dannyh-ton-ai-agent-habr/","/avtomatizaciya-analiza-dannyh-ton-ai-agent-habr/","preserve_same_path","https://okhlopkov.com/avtomatizaciya-analiza-dannyh-ton-ai-agent-habr/","/avtomatizaciya-analiza-dannyh-ton-ai-agent-habr/","200","index, follow","ru","Как я автоматизировал анализ данных TON с помощью AI агента — статья на Хабре","imported_article","Imported into the normal article catalog with original path, canonical URL and shared article renderer."
"https://okhlopkov.com/en-botfather-mau-43-percent-growth-telegram-ai/","/en-botfather-mau-43-percent-growth-telegram-ai/","preserve_same_path","https://okhlopkov.com/en-botfather-mau-43-percent-growth-telegram-ai/","/en-botfather-mau-43-percent-growth-telegram-ai/","200","index, follow","en","BotFather MAU Up 43% in 6 Weeks: Telegram as a Platform for AI Agents","imported_article","Imported into the normal article catalog with original path, canonical URL and shared article renderer."
"https://okhlopkov.com/predskazaniya-lokalnye-llm-apple-lan-party/","/predskazaniya-lokalnye-llm-apple-lan-party/","preserve_same_path","https://okhlopkov.com/predskazaniya-lokalnye-llm-apple-lan-party/","/predskazaniya-lokalnye-llm-apple-lan-party/","200","index, follow","ru","Предсказания: локальные LLM на Apple чипах и новые LAN-party","imported_article","Imported into the normal article catalog with original path, canonical URL and shared article renderer."
"https://okhlopkov.com/en-ton-analyst-open-source-ai-skill-dune/","/en-ton-analyst-open-source-ai-skill-dune/","preserve_same_path","https://okhlopkov.com/en-ton-analyst-open-source-ai-skill-dune/","/en-ton-analyst-open-source-ai-skill-dune/","200","index, follow","en","ton-analyst: Open Source AI Skill for TON Blockchain Analysis via Dune Analytics","imported_article","Imported into the normal article catalog with original path, canonical URL and shared article renderer."
"https://okhlopkov.com/ton-analyst-ai-skill-ton-blockchain-dune/","/ton-analyst-ai-skill-ton-blockchain-dune/","preserve_same_path","https://okhlopkov.com/ton-analyst-ai-skill-ton-blockchain-dune/","/ton-analyst-ai-skill-ton-blockchain-dune/","200","index, follow","ru","ton-analyst: открытый AI скилл для анализа TON Blockchain через Dune Analytics","imported_article","Imported into the normal article catalog with original path, canonical URL and shared article renderer."
"https://okhlopkov.com/en-singularity-already-happened-5-ai-metrics/","/en-singularity-already-happened-5-ai-metrics/","preserve_same_path","https://okhlopkov.com/en-singularity-already-happened-5-ai-metrics/","/en-singularity-already-happened-5-ai-metrics/","200","index, follow","en","The Singularity Already Happened — Just Not Where You Think: Analysis of 5 AI Metrics","imported_article","Imported into the normal article catalog with original path, canonical URL and shared article renderer."
"https://okhlopkov.com/web-scraping-ai-agents-2026/","/web-scraping-ai-agents-2026/","preserve_same_path","https://okhlopkov.com/web-scraping-ai-agents-2026/","/web-scraping-ai-agents-2026/","200","index, follow","en","Web Scraping with AI Agents: What Replaced Manual Parsers in 2026","imported_article","Imported into the normal article catalog with original path, canonical URL and shared article renderer."
"https://okhlopkov.com/singularity-uzhe-sluchilas-analiz-5-metrik-ai/","/singularity-uzhe-sluchilas-analiz-5-metrik-ai/","preserve_same_path","https://okhlopkov.com/singularity-uzhe-sluchilas-analiz-5-metrik-ai/","/singularity-uzhe-sluchilas-analiz-5-metrik-ai/","200","index, follow","ru","Сингулярность уже случилась — но не там, где вы думаете: анализ 5 метрик AI","imported_article","Imported into the normal article catalog with original path, canonical URL and shared article renderer."
"https://okhlopkov.com/en-write-claude-code-skills-7-mistakes/","/en-write-claude-code-skills-7-mistakes/","preserve_same_path","https://okhlopkov.com/en-write-claude-code-skills-7-mistakes/","/en-write-claude-code-skills-7-mistakes/","200","index, follow","en","How to Write Claude Code Skills Properly: 7 Common Mistakes to Avoid","imported_article","Imported into the normal article catalog with original path, canonical URL and shared article renderer."
"https://okhlopkov.com/ai-tools-setup-january-2026/","/ai-tools-setup-january-2026/","preserve_same_path","https://okhlopkov.com/ai-tools-setup-january-2026/","/ai-tools-setup-january-2026/","200","index, follow","en","My AI Dev Tools in 2026: What I Actually Use Daily","imported_article","Imported into the normal article catalog with original path, canonical URL and shared article renderer."
"https://okhlopkov.com/en-5-prompts-improved-ai-agent-workflow-claude-code/","/en-5-prompts-improved-ai-agent-workflow-claude-code/","preserve_same_path","https://okhlopkov.com/en-5-prompts-improved-ai-agent-workflow-claude-code/","/en-5-prompts-improved-ai-agent-workflow-claude-code/","200","index, follow","en","5 Prompts That Improved My AI Agent Workflow: Tested Hacks for Claude Code","imported_article","Imported into the normal article catalog with original path, canonical URL and shared article renderer."
"https://okhlopkov.com/dania-zip-packaging-yourself-for-ai/","/dania-zip-packaging-yourself-for-ai/","preserve_same_path","https://okhlopkov.com/dania-zip-packaging-yourself-for-ai/","/dania-zip-packaging-yourself-for-ai/","200","index, follow","en","dania.zip: packaging yourself for AI agents","imported_article","Imported into the normal article catalog with original path, canonical URL and shared article renderer."
"https://okhlopkov.com/prompty-uluchshili-opyt-ai-agenty-5-lajfhakov/","/prompty-uluchshili-opyt-ai-agenty-5-lajfhakov/","preserve_same_path","https://okhlopkov.com/prompty-uluchshili-opyt-ai-agenty-5-lajfhakov/","/prompty-uluchshili-opyt-ai-agenty-5-lajfhakov/","200","index, follow","ru","Промпты, которые улучшили мой опыт работы с AI агентами: 5 проверенных лайфхаков","imported_article","Imported into the normal article catalog with original path, canonical URL and shared article renderer."
"https://okhlopkov.com/second-brain-obsidian-claude-code/","/second-brain-obsidian-claude-code/","preserve_same_path","https://okhlopkov.com/second-brain-obsidian-claude-code/","/second-brain-obsidian-claude-code/","200","index, follow","en","Obsidian Second Brain with Claude Code: My Agent-Readable Vault Setup","imported_article","Imported into the normal article catalog with original path, canonical URL and shared article renderer."
"https://okhlopkov.com/en-find-saas-ideas-acquire-com-ai-validation/","/en-find-saas-ideas-acquire-com-ai-validation/","preserve_same_path","https://okhlopkov.com/en-find-saas-ideas-acquire-com-ai-validation/","/en-find-saas-ideas-acquire-com-ai-validation/","200","index, follow","en","Where to Find SaaS Ideas: acquire.com Reverse Engineering with AI Validation","imported_article","Imported into the normal article catalog with original path, canonical URL and shared article renderer."
"https://okhlopkov.com/gde-najti-ideyu-saas-acquire-com-ai/","/gde-najti-ideyu-saas-acquire-com-ai/","preserve_same_path","https://okhlopkov.com/gde-najti-ideyu-saas-acquire-com-ai/","/gde-najti-ideyu-saas-acquire-com-ai/","200","index, follow","ru","Где найти идею для SaaS: acquire.com, реверс-инжиниринг и AI для валидации","imported_article","Imported into the normal article catalog with original path, canonical URL and shared article renderer."
"https://okhlopkov.com/claude-code-workflow-2026/","/claude-code-workflow-2026/","preserve_same_path","https://okhlopkov.com/claude-code-workflow-2026/","/claude-code-workflow-2026/","200","index, follow","en","Claude Code workflow: how I code with AI in 2026","imported_article","Imported into the normal article catalog with original path, canonical URL and shared article renderer."
"https://okhlopkov.com/en-claude-code-creator-tips-git-worktrees/","/en-claude-code-creator-tips-git-worktrees/","preserve_same_path","https://okhlopkov.com/en-claude-code-creator-tips-git-worktrees/","/en-claude-code-creator-tips-git-worktrees/","200","index, follow","en","Tips from Claude Code Creator: Git Worktrees, Self-Improving CLAUDE.md, and Code Review","imported_article","Imported into the normal article catalog with original path, canonical URL and shared article renderer."
"https://okhlopkov.com/sovety-sozdatel-claude-code-git-worktrees/","/sovety-sozdatel-claude-code-git-worktrees/","preserve_same_path","https://okhlopkov.com/sovety-sozdatel-claude-code-git-worktrees/","/sovety-sozdatel-claude-code-git-worktrees/","200","index, follow","ru","Советы от создателя Claude Code: git worktrees, self-improving CLAUDE.md и ревью","imported_article","Imported into the normal article catalog with original path, canonical URL and shared article renderer."
"https://okhlopkov.com/en-ai-agent-forum-telegram-chat/","/en-ai-agent-forum-telegram-chat/","preserve_same_path","https://okhlopkov.com/en-ai-agent-forum-telegram-chat/","/en-ai-agent-forum-telegram-chat/","200","index, follow","en","AI Agent Forum: A Telegram Chat Where AI Agents Talk and Invent Their Own Religion","imported_article","Imported into the normal article catalog with original path, canonical URL and shared article renderer."
"https://okhlopkov.com/ai-agent-forum-telegram-chat-agenty/","/ai-agent-forum-telegram-chat-agenty/","preserve_same_path","https://okhlopkov.com/ai-agent-forum-telegram-chat-agenty/","/ai-agent-forum-telegram-chat-agenty/","200","index, follow","ru","AI Agent Forum: чат в Telegram, где AI агенты общаются и создают свою религию","imported_article","Imported into the normal article catalog with original path, canonical URL and shared article renderer."
"https://okhlopkov.com/en-best-skills-mcp-claude-code-agent-browser/","/en-best-skills-mcp-claude-code-agent-browser/","preserve_same_path","https://okhlopkov.com/en-best-skills-mcp-claude-code-agent-browser/","/en-best-skills-mcp-claude-code-agent-browser/","200","index, follow","en","Best Skills and MCP Servers for Claude Code: agent-browser, coolify-mcp, and More","imported_article","Imported into the normal article catalog with original path, canonical URL and shared article renderer."
"https://okhlopkov.com/cn-best-skills-mcp-claude-code-agent-browser/","/cn-best-skills-mcp-claude-code-agent-browser/","preserve_same_path","https://okhlopkov.com/cn-best-skills-mcp-claude-code-agent-browser/","/cn-best-skills-mcp-claude-code-agent-browser/","200","index, follow","zh","Claude Code最佳技能和MCP服务器：agent-browser、coolify-mcp等","imported_article","Imported into the normal article catalog with original path, canonical URL and shared article renderer."
"https://okhlopkov.com/luchshie-skills-mcp-claude-code-agent-browser/","/luchshie-skills-mcp-claude-code-agent-browser/","preserve_same_path","https://okhlopkov.com/luchshie-skills-mcp-claude-code-agent-browser/","/luchshie-skills-mcp-claude-code-agent-browser/","200","index, follow","ru","Лучшие скиллы и MCP для Claude Code: agent-browser, coolify-mcp и другие","imported_article","Imported into the normal article catalog with original path, canonical URL and shared article renderer."
"https://okhlopkov.com/en-telegram-mini-app-llms-txt-claude-code-stream/","/en-telegram-mini-app-llms-txt-claude-code-stream/","preserve_same_path","https://okhlopkov.com/en-telegram-mini-app-llms-txt-claude-code-stream/","/en-telegram-mini-app-llms-txt-claude-code-stream/","200","index, follow","en","Telegram Mini App from Scratch: llms.txt, Claude Code, and Tic-Tac-Toe in One Stream","imported_article","Imported into the normal article catalog with original path, canonical URL and shared article renderer."
"https://okhlopkov.com/telegram-mini-app-llms-txt-claude-code-stream/","/telegram-mini-app-llms-txt-claude-code-stream/","preserve_same_path","https://okhlopkov.com/telegram-mini-app-llms-txt-claude-code-stream/","/telegram-mini-app-llms-txt-claude-code-stream/","200","index, follow","ru","Telegram Mini App с нуля: llms.txt, Claude Code и крестики-нолики за один стрим","imported_article","Imported into the normal article catalog with original path, canonical URL and shared article renderer."
"https://okhlopkov.com/cn-telegram-mini-app-llms-txt-claude-code-stream/","/cn-telegram-mini-app-llms-txt-claude-code-stream/","preserve_same_path","https://okhlopkov.com/cn-telegram-mini-app-llms-txt-claude-code-stream/","/cn-telegram-mini-app-llms-txt-claude-code-stream/","200","index, follow","zh","从零开始构建Telegram Mini App：llms.txt、Claude Code和一场直播","imported_article","Imported into the normal article catalog with original path, canonical URL and shared article renderer."
"https://okhlopkov.com/show-me-ai-setup-ghostty-ownyourchat-descript/","/show-me-ai-setup-ghostty-ownyourchat-descript/","preserve_same_path","https://okhlopkov.com/show-me-ai-setup-ghostty-ownyourchat-descript/","/show-me-ai-setup-ghostty-ownyourchat-descript/","200","index, follow","ru","Show Me Your AI Setup #1: Ghostty, ownyourchat, Descript и Spokenly — разбор с og_mishgun","imported_article","Imported into the normal article catalog with original path, canonical URL and shared article renderer."
"https://okhlopkov.com/en-show-me-ai-setup-ghostty-ownyourchat-descript/","/en-show-me-ai-setup-ghostty-ownyourchat-descript/","preserve_same_path","https://okhlopkov.com/en-show-me-ai-setup-ghostty-ownyourchat-descript/","/en-show-me-ai-setup-ghostty-ownyourchat-descript/","200","index, follow","en","Show Me Your AI Setup #1: Ghostty, ownyourchat, Descript, Spokenly — Tools Review","imported_article","Imported into the normal article catalog with original path, canonical URL and shared article renderer."
"https://okhlopkov.com/cn-show-me-ai-setup-ghostty-ownyourchat-descript/","/cn-show-me-ai-setup-ghostty-ownyourchat-descript/","preserve_same_path","https://okhlopkov.com/cn-show-me-ai-setup-ghostty-ownyourchat-descript/","/cn-show-me-ai-setup-ghostty-ownyourchat-descript/","200","index, follow","zh","展示你的AI工具 #1：Ghostty、ownyourchat、Descript、Spokenly工具评测","imported_article","Imported into the normal article catalog with original path, canonical URL and shared article renderer."
"https://okhlopkov.com/en-beads-gastown-framework-ai-agents/","/en-beads-gastown-framework-ai-agents/","preserve_same_path","https://okhlopkov.com/en-beads-gastown-framework-ai-agents/","/en-beads-gastown-framework-ai-agents/","200","index, follow","en","Beads vs Gastown: Should You Use External Frameworks for AI Agents?","imported_article","Imported into the normal article catalog with original path, canonical URL and shared article renderer."
"https://okhlopkov.com/beads-gastown-framework-ai-agenty/","/beads-gastown-framework-ai-agenty/","preserve_same_path","https://okhlopkov.com/beads-gastown-framework-ai-agenty/","/beads-gastown-framework-ai-agenty/","200","index, follow","ru","Beads vs Gastown: стоит ли использовать чужие фреймворки для AI агентов?","imported_article","Imported into the normal article catalog with original path, canonical URL and shared article renderer."
"https://okhlopkov.com/cn-beads-gastown-framework-ai-agents/","/cn-beads-gastown-framework-ai-agents/","preserve_same_path","https://okhlopkov.com/cn-beads-gastown-framework-ai-agents/","/cn-beads-gastown-framework-ai-agents/","200","index, follow","zh","Beads vs Gastown：是否应该使用外部框架管理AI代理？","imported_article","Imported into the normal article catalog with original path, canonical URL and shared article renderer."
"https://okhlopkov.com/en-second-brain-obsidian-claude-code-assistant/","/en-second-brain-obsidian-claude-code-assistant/","preserve_same_path","https://okhlopkov.com/en-second-brain-obsidian-claude-code-assistant/","/en-second-brain-obsidian-claude-code-assistant/","200","index, follow","en","Second Brain: How to Build a Personal AI Assistant with Obsidian and Claude Code","imported_article","Imported into the normal article catalog with original path, canonical URL and shared article renderer."
"https://okhlopkov.com/vtoroj-mozg-ai-assistent-obsidian-claude-code/","/vtoroj-mozg-ai-assistent-obsidian-claude-code/","preserve_same_path","https://okhlopkov.com/vtoroj-mozg-ai-assistent-obsidian-claude-code/","/vtoroj-mozg-ai-assistent-obsidian-claude-code/","200","index, follow","ru","Второй мозг: как создать личного AI ассистента с Obsidian и Claude Code","imported_article","Imported into the normal article catalog with original path, canonical URL and shared article renderer."
"https://okhlopkov.com/cn-second-brain-obsidian-claude-code-assistant/","/cn-second-brain-obsidian-claude-code-assistant/","preserve_same_path","https://okhlopkov.com/cn-second-brain-obsidian-claude-code-assistant/","/cn-second-brain-obsidian-claude-code-assistant/","200","index, follow","zh","第二大脑：如何用Obsidian和Claude Code构建个人AI助手","imported_article","Imported into the normal article catalog with original path, canonical URL and shared article renderer."
"https://okhlopkov.com/en-ai-agents-practice-claude-code-voice-commands/","/en-ai-agents-practice-claude-code-voice-commands/","preserve_same_path","https://okhlopkov.com/en-ai-agents-practice-claude-code-voice-commands/","/en-ai-agents-practice-claude-code-voice-commands/","200","index, follow","en","AI Agents in Practice: How to Code with Claude Code and Voice Commands via Telegram","imported_article","Imported into the normal article catalog with original path, canonical URL and shared article renderer."
"https://okhlopkov.com/ai-agenty-habr-claude-code-golosovye-komandy/","/ai-agenty-habr-claude-code-golosovye-komandy/","preserve_same_path","https://okhlopkov.com/ai-agenty-habr-claude-code-golosovye-komandy/","/ai-agenty-habr-claude-code-golosovye-komandy/","200","index, follow","ru","AI агенты на практике: статья на Хабре про Claude Code и голосовые команды","imported_article","Imported into the normal article catalog with original path, canonical URL and shared article renderer."
"https://okhlopkov.com/cn-ai-agents-claude-code-voice-commands/","/cn-ai-agents-claude-code-voice-commands/","preserve_same_path","https://okhlopkov.com/cn-ai-agents-claude-code-voice-commands/","/cn-ai-agents-claude-code-voice-commands/","200","index, follow","zh","AI代理实战：Claude Code编程与Telegram语音命令完整指南","imported_article","Imported into the normal article catalog with original path, canonical URL and shared article renderer."
"https://okhlopkov.com/evaa-strategies-onchain-research/","/evaa-strategies-onchain-research/","preserve_same_path","https://okhlopkov.com/evaa-strategies-onchain-research/","/evaa-strategies-onchain-research/","200","index, follow","ru","Самые популярные стратегии EVAA – ончейн анализ TON","imported_article","Imported into the normal article catalog with original path, canonical URL and shared article renderer."
"https://okhlopkov.com/deploy-celery-flower-dokku/","/deploy-celery-flower-dokku/","preserve_same_path","https://okhlopkov.com/deploy-celery-flower-dokku/","/deploy-celery-flower-dokku/","200","index, follow","en","Deploy Celery Flower to production with Dokku","imported_article","Imported into the normal article catalog with original path, canonical URL and shared article renderer."
"https://okhlopkov.com/how-to-deploy-your-backend-to-production-with-dokku/","/how-to-deploy-your-backend-to-production-with-dokku/","preserve_same_path","https://okhlopkov.com/how-to-deploy-your-backend-to-production-with-dokku/","/how-to-deploy-your-backend-to-production-with-dokku/","200","index, follow","en","How to deploy your backend to production with Dokku","imported_article","Imported into the normal article catalog with original path, canonical URL and shared article renderer."
"https://okhlopkov.com/my-job-hunt-journey-in-london-2023/","/my-job-hunt-journey-in-london-2023/","preserve_same_path","https://okhlopkov.com/my-job-hunt-journey-in-london-2023/","/my-job-hunt-journey-in-london-2023/","200","index, follow","en","How I failed to find a job in London 2023.","imported_article","Imported into the normal article catalog with original path, canonical URL and shared article renderer."
"https://okhlopkov.com/kaggle-tricks-from-grandmaster-hft-quant/","/kaggle-tricks-from-grandmaster-hft-quant/","preserve_same_path","https://okhlopkov.com/kaggle-tricks-from-grandmaster-hft-quant/","/kaggle-tricks-from-grandmaster-hft-quant/","200","index, follow","en","Kaggle tricks from Grandmaster & HFT Quant","imported_article","Imported into the normal article catalog with original path, canonical URL and shared article renderer."
"https://okhlopkov.com/how-to-get-a-telegram-channel-subscribers-list-in-python/","/how-to-get-a-telegram-channel-subscribers-list-in-python/","preserve_same_path","https://okhlopkov.com/how-to-get-a-telegram-channel-subscribers-list-in-python/","/how-to-get-a-telegram-channel-subscribers-list-in-python/","200","index, follow","en","How to get a Telegram channel subscribers list in python","imported_article","Imported into the normal article catalog with original path, canonical URL and shared article renderer."
"https://okhlopkov.com/how-to-watch-telegram-stories-from-python/","/how-to-watch-telegram-stories-from-python/","preserve_same_path","https://okhlopkov.com/how-to-watch-telegram-stories-from-python/","/how-to-watch-telegram-stories-from-python/","200","index, follow","en","How to watch Telegram stories from Python","imported_article","Imported into the normal article catalog with original path, canonical URL and shared article renderer."
"https://okhlopkov.com/how-to-find-all-blockchain-startups/","/how-to-find-all-blockchain-startups/","preserve_same_path","https://okhlopkov.com/how-to-find-all-blockchain-startups/","/how-to-find-all-blockchain-startups/","200","index, follow","en","How to find all blockchain startups","imported_article","Imported into the normal article catalog with original path, canonical URL and shared article renderer."
"https://okhlopkov.com/usdt-popularity-across-different-blockchains/","/usdt-popularity-across-different-blockchains/","preserve_same_path","https://okhlopkov.com/usdt-popularity-across-different-blockchains/","/usdt-popularity-across-different-blockchains/","200","index, follow","en","On-chain USDT usage across popular blockchains","imported_article","Imported into the normal article catalog with original path, canonical URL and shared article renderer."
"https://okhlopkov.com/dokku-github-actions-deploy-app-with-push-to-repo/","/dokku-github-actions-deploy-app-with-push-to-repo/","preserve_same_path","https://okhlopkov.com/dokku-github-actions-deploy-app-with-push-to-repo/","/dokku-github-actions-deploy-app-with-push-to-repo/","200","index, follow","en","Dokku + Github Actions: automatically deploy app with push to repository","imported_article","Imported into the normal article catalog with original path, canonical URL and shared article renderer."
"https://okhlopkov.com/deploy-elasticsearch-kibana-with-dokku/","/deploy-elasticsearch-kibana-with-dokku/","preserve_same_path","https://okhlopkov.com/deploy-elasticsearch-kibana-with-dokku/","/deploy-elasticsearch-kibana-with-dokku/","200","index, follow","en","Deploy Elasticsearch & Kibana with Dokku","imported_article","Imported into the normal article catalog with original path, canonical URL and shared article renderer."
"https://okhlopkov.com/one-click-deploy-to-production-this-databases-with-dokku/","/one-click-deploy-to-production-this-databases-with-dokku/","preserve_same_path","https://okhlopkov.com/one-click-deploy-to-production-this-databases-with-dokku/","/one-click-deploy-to-production-this-databases-with-dokku/","200","index, follow","en","Deploy database to production with official Dokku plugins","imported_article","Imported into the normal article catalog with original path, canonical URL and shared article renderer."
"https://okhlopkov.com/how-to-parse-any-website/","/how-to-parse-any-website/","preserve_same_path","https://okhlopkov.com/how-to-parse-any-website/","/how-to-parse-any-website/","200","index, follow","en","How to Parse Any Website: API, XHR, HTML and AI Agents","imported_article","Imported into the normal article catalog with original path, canonical URL and shared article renderer."
"https://okhlopkov.com/run-metabase-with-dokku/","/run-metabase-with-dokku/","preserve_same_path","https://okhlopkov.com/run-metabase-with-dokku/","/run-metabase-with-dokku/","200","index, follow","en","Run Metabase with Dokku","imported_article","Imported into the normal article catalog with original path, canonical URL and shared article renderer."
"https://okhlopkov.com/integrate-amplitude-with-telegram-bot/","/integrate-amplitude-with-telegram-bot/","preserve_same_path","https://okhlopkov.com/integrate-amplitude-with-telegram-bot/","/integrate-amplitude-with-telegram-bot/","200","index, follow","en","Integrate Amplitude with Telegram bot","imported_article","Imported into the normal article catalog with original path, canonical URL and shared article renderer."
"https://okhlopkov.com/deploy-meilisearch-with-dokku-for-production/","/deploy-meilisearch-with-dokku-for-production/","preserve_same_path","https://okhlopkov.com/deploy-meilisearch-with-dokku-for-production/","/deploy-meilisearch-with-dokku-for-production/","200","index, follow","en","Deploy MeiliSearch with Dokku for production","imported_article","Imported into the normal article catalog with original path, canonical URL and shared article renderer."
"https://okhlopkov.com/cloudflare-certificates-dokku/","/cloudflare-certificates-dokku/","preserve_same_path","https://okhlopkov.com/cloudflare-certificates-dokku/","/cloudflare-certificates-dokku/","200","index, follow","en","Cloudflare certificates + Dokku","imported_article","Imported into the normal article catalog with original path, canonical URL and shared article renderer."
"https://okhlopkov.com/measure-texts-simularity/","/measure-texts-simularity/","preserve_same_path","https://okhlopkov.com/measure-texts-simularity/","/measure-texts-simularity/","200","index, follow","en","Measure texts similarity with Sentence Transformers (embeddings)","imported_article","Imported into the normal article catalog with original path, canonical URL and shared article renderer."
"https://okhlopkov.com/deploy-ghost-blog-with-dokku/","/deploy-ghost-blog-with-dokku/","preserve_same_path","https://okhlopkov.com/deploy-ghost-blog-with-dokku/","/deploy-ghost-blog-with-dokku/","200","index, follow","en","Deploy Ghost blog with Dokku","imported_article","Imported into the normal article catalog with original path, canonical URL and shared article renderer."
"https://okhlopkov.com/about-ru/","/about-ru/","preserve_same_path","https://okhlopkov.com/about-ru/","/about-ru/","200","index, follow","ru","Чуть-чуть про Даню Охлопкова","imported_article","Imported into the normal article catalog with original path, canonical URL and shared article renderer."
"https://okhlopkov.com/author/okhlopkov/","/author/okhlopkov/","308_redirect","https://okhlopkov.com/about/","/about/","308","n/a","","","ghost_service_page","Author page is service content; canonical destination is the new about page."
"https://okhlopkov.com/tag/second-brain/","/tag/second-brain/","308_redirect","https://okhlopkov.com/vtoroj-mozg-ai-assistent-obsidian-claude-code/","/vtoroj-mozg-ai-assistent-obsidian-claude-code/","308","n/a","","","ghost_service_page","Tag page redirects to the strongest preserved second-brain article."
"https://okhlopkov.com/projects/","/projects/","308_redirect","https://okhlopkov.com/about/","/about/","308","n/a","","","external_backlink_target","HackerNoon links to the old projects page; redirect to About until a dedicated Projects page exists."
"https://okhlopkov.com/tag/ai-agents/","/tag/ai-agents/","308_redirect","https://okhlopkov.com/ru/articles/","/ru/articles/","308","n/a","","","ghost_service_page","Tag page redirects to the new Articles index."
"https://okhlopkov.com/tag/telegram/","/tag/telegram/","308_redirect","https://okhlopkov.com/ru/blog/","/ru/blog/","308","n/a","","","ghost_service_page","Tag page redirects to the blog collection."
"https://okhlopkov.com/tag/ai/","/tag/ai/","308_redirect","https://okhlopkov.com/ru/articles/","/ru/articles/","308","n/a","","","old_internal_link","Old AI tag appears in imported articles; redirect to the Articles index."
"https://okhlopkov.com/tag/analytics/","/tag/analytics/","308_redirect","https://okhlopkov.com/ru/blog/","/ru/blog/","308","n/a","","","old_internal_link","Old analytics tag appears in imported articles; redirect to the blog index."
"https://okhlopkov.com/tag/claude-code/","/tag/claude-code/","308_redirect","https://okhlopkov.com/ru/articles/","/ru/articles/","308","n/a","","","old_internal_link","Old Claude Code tag appears in imported articles; redirect to the Articles index."
"https://okhlopkov.com/tag/crypto/","/tag/crypto/","308_redirect","https://okhlopkov.com/ru/blog/","/ru/blog/","308","n/a","","","old_internal_link","Old crypto tag appears in imported articles; redirect to the blog index."
"https://okhlopkov.com/tag/dokku/","/tag/dokku/","308_redirect","https://okhlopkov.com/cloudflare-certificates-dokku/","/cloudflare-certificates-dokku/","308","n/a","","","old_internal_link","Old Dokku tag appears in imported articles; redirect to the strongest imported Dokku article."
"https://okhlopkov.com/tag/parsing/","/tag/parsing/","308_redirect","https://okhlopkov.com/how-to-get-a-telegram-channel-subscribers-list-in-python/","/how-to-get-a-telegram-channel-subscribers-list-in-python/","308","n/a","","","old_internal_link","Old parsing tag appears in imported articles; redirect to the strongest imported parsing article."
"https://okhlopkov.com/tag/workflow/","/tag/workflow/","308_redirect","https://okhlopkov.com/topics/workflow/","/topics/workflow/","308","n/a","","","yandex_webmaster_example","Old workflow tag surfaced in Yandex Webmaster; redirect to the maintained workflow topic page."
"https://okhlopkov.com/tag/tutorial/","/tag/tutorial/","308_redirect","https://okhlopkov.com/en/articles/","/en/articles/","308","n/a","","","yandex_webmaster_example","Old tutorial tag surfaced in Yandex Webmaster; redirect to the maintained English articles collection."
"https://okhlopkov.com/tag/telegram-bot/","/tag/telegram-bot/","308_redirect","https://okhlopkov.com/topics/telegram-automation/","/topics/telegram-automation/","308","n/a","","","yandex_webmaster_example","Old Telegram bot tag surfaced in Yandex Webmaster; redirect to the maintained Telegram automation topic page."
"https://okhlopkov.com/tag/telegram-cn/","/tag/telegram-cn/","308_redirect","https://okhlopkov.com/en/","/en/","308","n/a","","","old_internal_link","Old Chinese Telegram tag is not maintained as a collection; redirect to the maintained English entry."
"https://okhlopkov.com/tag/telegram-en/","/tag/telegram-en/","308_redirect","https://okhlopkov.com/en/","/en/","308","n/a","","","old_internal_link","Old English Telegram tag is not maintained as a collection; redirect to the maintained English entry."
"https://okhlopkov.com/tag/web-scraping/","/tag/web-scraping/","308_redirect","https://okhlopkov.com/web-scraping-ai-agents-2026/","/web-scraping-ai-agents-2026/","308","n/a","","","old_internal_link","Old web scraping tag appears in imported articles; redirect to the strongest imported web scraping article."
"https://okhlopkov.com/cn/","/cn/","308_redirect","https://okhlopkov.com/en/","/en/","308","n/a","","","old_language_entry","Old CN entry is not a maintained content surface in the static migration."
"https://okhlopkov.com/my-tg-bots/","/my-tg-bots/","308_redirect","https://okhlopkov.com/about/","/about/","308","n/a","","","old_internal_link","Old Telegram bots page is folded into About and background."
"https://okhlopkov.com/vibe-coding-guide-2026/","/vibe-coding-guide-2026/","308_redirect","https://okhlopkov.com/ru/articles/","/ru/articles/","308","n/a","","","old_internal_link","Old vibe-coding guide link redirects to the maintained Articles collection."
"https://okhlopkov.com/closed/","/closed/","308_redirect_noindex_destination","https://okhlopkov.com/private-channel/","/private-channel/","308","destination: noindex, follow","","","old_private_page","Private channel page is direct-only and excluded from sitemap."
"https://okhlopkov.com/work-together/","/work-together/","308_redirect","https://okhlopkov.com/about/","/about/","308","n/a","","","static_ia_cleanup","Commercial/contact route is folded into About to keep the primary site IA focused."
"https://okhlopkov.com/markdown-vs-html/","/markdown-vs-html/","308_redirect","https://okhlopkov.com/articles/markdown-vs-html/","/articles/markdown-vs-html/","308","n/a","","","static_ia_cleanup","Standalone article moved under the Articles collection."
"https://okhlopkov.com/posts/","/posts/","308_redirect","https://okhlopkov.com/ru/blog/","/ru/blog/","308","n/a","","","static_ia_cleanup","Old mini-app posts index now collapses into the blog surface."
"https://okhlopkov.com/blog/","/blog/","308_redirect","https://okhlopkov.com/ru/blog/","/ru/blog/","308","n/a","","","ru_prefix_migration","Flat Russian blog index moved under /ru/ for language-prefixed IA."
"https://okhlopkov.com/articles/","/articles/","308_redirect","https://okhlopkov.com/ru/articles/","/ru/articles/","308","n/a","","","ru_prefix_migration","Flat Russian articles index moved under /ru/ for language-prefixed IA."
"https://okhlopkov.com/ai-agents/","/ai-agents/","308_redirect","https://okhlopkov.com/ru/articles/","/ru/articles/","308","n/a","","","static_ia_cleanup","Old AI Agents hub now collapses into the Articles surface."
"https://okhlopkov.com/ai-course/","/ai-course/","308_redirect","https://okhlopkov.com/ru/articles/","/ru/articles/","308","n/a","","","static_ia_cleanup","Old AI course route is no longer a primary public surface."
"https://okhlopkov.com/blog/ai-tools-for-designers-design-engineering-agents/","/blog/ai-tools-for-designers-design-engineering-agents/","308_redirect","https://okhlopkov.com/ru/articles/ai-tools-for-designers-design-engineering-agents/","/ru/articles/ai-tools-for-designers-design-engineering-agents/","308","n/a","","","static_ia_cleanup","The design engineering piece belongs in Articles, not in the personal blog feed."
"https://okhlopkov.com/articles/ai-tools-for-designers-design-engineering-agents/","/articles/ai-tools-for-designers-design-engineering-agents/","308_redirect","https://okhlopkov.com/ru/articles/ai-tools-for-designers-design-engineering-agents/","/ru/articles/ai-tools-for-designers-design-engineering-agents/","308","n/a","","","ru_prefix_migration","New Russian static article moved under /ru/ before accumulating meaningful SEO signals."
"https://okhlopkov.com/blog/hermes-agent-vs-openclaw/","/blog/hermes-agent-vs-openclaw/","308_redirect","https://okhlopkov.com/ru/articles/hermes-agent-vs-openclaw/","/ru/articles/hermes-agent-vs-openclaw/","308","n/a","","","static_ia_cleanup","SEO-generated comparison moved from Blog to Articles to keep Blog reserved for Dan-authored channel posts."
"https://okhlopkov.com/cn-claude-code-creator-tips-git-worktrees/","/cn-claude-code-creator-tips-git-worktrees/","308_redirect","https://okhlopkov.com/en-claude-code-creator-tips-git-worktrees/","/en-claude-code-creator-tips-git-worktrees/","308","n/a","","","legacy_cn_url","Old Chinese URL is not maintained; redirect to the preserved English Claude Code creator tips article."
"https://okhlopkov.com/kak-pravilno-pisat-skilly-claude-code-7-oshibok/","/kak-pravilno-pisat-skilly-claude-code-7-oshibok/","308_redirect","https://okhlopkov.com/ru/articles/kak-pravilno-pisat-skilly-claude-code-7-oshibok/","/ru/articles/kak-pravilno-pisat-skilly-claude-code-7-oshibok/","308","n/a","","","legacy_cn_url","Russian Claude Code skills article was expanded and moved into the maintained /ru/articles/ collection."
"https://okhlopkov.com/cn-ai-agent-forum-telegram-chat/","/cn-ai-agent-forum-telegram-chat/","308_redirect","https://okhlopkov.com/en-ai-agent-forum-telegram-chat/","/en-ai-agent-forum-telegram-chat/","308","n/a","","","legacy_cn_url","Old Chinese URL is not maintained; redirect to the preserved English AI Agent Forum article."
"https://okhlopkov.com/cn-write-claude-code-skills-7-mistakes/","/cn-write-claude-code-skills-7-mistakes/","308_redirect","https://okhlopkov.com/en-write-claude-code-skills-7-mistakes/","/en-write-claude-code-skills-7-mistakes/","308","n/a","","","legacy_cn_url","Old Chinese URL is not maintained; redirect to the preserved English Claude Code skills article."
"https://okhlopkov.com/cn-5-prompts-improved-ai-agent-workflow-claude-code/","/cn-5-prompts-improved-ai-agent-workflow-claude-code/","308_redirect","https://okhlopkov.com/en-5-prompts-improved-ai-agent-workflow-claude-code/","/en-5-prompts-improved-ai-agent-workflow-claude-code/","308","n/a","","","legacy_cn_url","Old Chinese URL is not maintained; redirect to the preserved English AI agent prompts article."
"https://okhlopkov.com/cn-predictions-local-llm-apple-chips-lan-parties/","/cn-predictions-local-llm-apple-chips-lan-parties/","308_redirect","https://okhlopkov.com/predskazaniya-lokalnye-llm-apple-lan-party/","/predskazaniya-lokalnye-llm-apple-lan-party/","308","n/a","","","legacy_cn_url","Old Chinese URL is not maintained; redirect to the preserved Russian local LLM predictions article."
"https://okhlopkov.com/cn-legal-ai-setup-claude-codex-crontab/","/cn-legal-ai-setup-claude-codex-crontab/","308_redirect","https://okhlopkov.com/legalnyj-ai-setup-claude-codex-crontab/","/legalnyj-ai-setup-claude-codex-crontab/","308","n/a","","","legacy_cn_url","Old Chinese URL is not maintained; redirect to the preserved Russian legal AI setup article."
"https://okhlopkov.com/cn-vibe-analytics-claude-code-remotion-video/","/cn-vibe-analytics-claude-code-remotion-video/","308_redirect","https://okhlopkov.com/ru/articles/","/ru/articles/","308","n/a","","","legacy_cn_url","Old Chinese URL has no preserved article body; redirect to the maintained Articles collection."
"https://okhlopkov.com/cn-find-saas-ideas-acquire-com-ai-validation/","/cn-find-saas-ideas-acquire-com-ai-validation/","308_redirect","https://okhlopkov.com/en-find-saas-ideas-acquire-com-ai-validation/","/en-find-saas-ideas-acquire-com-ai-validation/","308","n/a","","","legacy_cn_url","Old Chinese URL is not maintained; redirect to the preserved English SaaS idea validation article."
"https://okhlopkov.com/cn-evolution-computer-work-code-specs-ai-agents/","/cn-evolution-computer-work-code-specs-ai-agents/","308_redirect","https://okhlopkov.com/claude-code-workflow-2026/","/claude-code-workflow-2026/","308","n/a","","","legacy_cn_url","Old Chinese URL has no preserved article body; redirect to the closest Claude Code workflow article."
"https://okhlopkov.com/cn-automated-ton-data-analysis-ai-agent-habr/","/cn-automated-ton-data-analysis-ai-agent-habr/","308_redirect","https://okhlopkov.com/en-automated-ton-data-analysis-ai-agent-habr/","/en-automated-ton-data-analysis-ai-agent-habr/","308","n/a","","","legacy_cn_url","Old Chinese URL is not maintained; redirect to the preserved English TON data automation article."
"https://okhlopkov.com/cn-botfather-mau-43-percent-growth-telegram-ai/","/cn-botfather-mau-43-percent-growth-telegram-ai/","308_redirect","https://okhlopkov.com/en-botfather-mau-43-percent-growth-telegram-ai/","/en-botfather-mau-43-percent-growth-telegram-ai/","308","n/a","","","legacy_cn_url","Old Chinese URL is not maintained; redirect to the preserved English BotFather MAU article."
"https://okhlopkov.com/cn-ton-analyst-open-source-ai-skill-dune/","/cn-ton-analyst-open-source-ai-skill-dune/","308_redirect","https://okhlopkov.com/en-ton-analyst-open-source-ai-skill-dune/","/en-ton-analyst-open-source-ai-skill-dune/","308","n/a","","","legacy_cn_url","Old Chinese URL is not maintained; redirect to the preserved English ton-analyst skill article."
"","","new_static_page","https://okhlopkov.com/","/","200","index, follow","ru","","static_app_route","Canonical Russian homepage"
"","","new_static_page","https://okhlopkov.com/ru/","/ru/","200","index, follow","ru","","static_app_route","Russian homepage"
"","","new_static_page","https://okhlopkov.com/en/","/en/","200","index, follow","en","","static_app_route","English homepage"
"","","new_static_page","https://okhlopkov.com/en/blog/","/en/blog/","200","index, follow","en","","static_app_route","English-only blog index"
"","","new_static_page","https://okhlopkov.com/en/articles/","/en/articles/","200","index, follow","en","","static_app_route","English-only article index"
"","","new_static_page","https://okhlopkov.com/en/about/","/en/about/","200","index, follow","en","","static_app_route","English about page"
"","","new_static_page","https://okhlopkov.com/about/","/about/","200","index, follow","ru","","static_app_route","About page"
"","","new_static_page","https://okhlopkov.com/ru/blog/","/ru/blog/","200","index, follow","ru","","static_app_route","Indexable blog for Dan-authored posts"
"","","new_static_page","https://okhlopkov.com/ru/articles/","/ru/articles/","200","index, follow","ru","","static_app_route","Article index"
"","","new_static_page","https://okhlopkov.com/ru/articles/ai-tools-for-designers-design-engineering-agents/","/ru/articles/ai-tools-for-designers-design-engineering-agents/","200","index, follow","ru","","static_app_route","First YouTube-derived article with component examples"
"","","new_static_page","https://okhlopkov.com/articles/markdown-vs-html/","/articles/markdown-vs-html/","200","index, follow","ru","","static_app_route","Existing static article route moved under Articles"
"","","new_static_page","https://okhlopkov.com/topics/ai-agents/","/topics/ai-agents/","200","index, follow","ru","","static_app_route","Topic collection for AI agents internal linking"
"","","new_static_page","https://okhlopkov.com/topics/claude-code/","/topics/claude-code/","200","index, follow","ru","","static_app_route","Topic collection for Claude Code internal linking"
"","","new_static_page","https://okhlopkov.com/topics/codex/","/topics/codex/","200","index, follow","ru","","static_app_route","Topic collection for Codex internal linking"
"","","new_static_page","https://okhlopkov.com/topics/mcp/","/topics/mcp/","200","index, follow","ru","","static_app_route","Topic collection for MCP internal linking"
"","","new_static_page","https://okhlopkov.com/topics/gstack/","/topics/gstack/","200","index, follow","ru","","static_app_route","Topic collection for GStack internal linking"
"","","new_static_page","https://okhlopkov.com/topics/gbrain/","/topics/gbrain/","200","index, follow","ru","","static_app_route","Topic collection for GBrain internal linking"
"","","new_static_page","https://okhlopkov.com/topics/ai-coding/","/topics/ai-coding/","200","index, follow","ru","","static_app_route","Topic collection for AI coding internal linking"
"","","new_static_page","https://okhlopkov.com/topics/ai-transformation/","/topics/ai-transformation/","200","index, follow","ru","","static_app_route","Topic collection for AI transformation internal linking"
"","","new_static_page","https://okhlopkov.com/topics/refactoring/","/topics/refactoring/","200","index, follow","ru","","static_app_route","Topic collection for refactoring internal linking"
"","","new_static_page","https://okhlopkov.com/topics/ai-tools/","/topics/ai-tools/","200","index, follow","ru","","static_app_route","Topic collection for AI tools internal linking"
"","","new_static_page","https://okhlopkov.com/topics/design-engineering/","/topics/design-engineering/","200","index, follow","ru","","static_app_route","Topic collection for design engineering internal linking"
"","","new_static_page","https://okhlopkov.com/topics/html/","/topics/html/","200","index, follow","ru","","static_app_route","Topic collection for HTML internal linking"
"","","new_static_page","https://okhlopkov.com/topics/second-brain/","/topics/second-brain/","200","index, follow","ru","","static_app_route","Topic collection for second brain internal linking"
"","","new_static_page","https://okhlopkov.com/topics/web-scraping/","/topics/web-scraping/","200","index, follow","ru","","static_app_route","Topic collection for web scraping internal linking"
"","","new_static_page","https://okhlopkov.com/topics/frameworks/","/topics/frameworks/","200","index, follow","ru","","static_app_route","Topic collection for agent frameworks internal linking"
"","","new_static_page","https://okhlopkov.com/topics/workflow/","/topics/workflow/","200","index, follow","ru","","static_app_route","Topic collection for workflow internal linking"
"","","new_static_page","https://okhlopkov.com/topics/community/","/topics/community/","200","index, follow","ru","","static_app_route","Topic collection for community internal linking"
"","","new_static_page","https://okhlopkov.com/topics/openclaw/","/topics/openclaw/","200","index, follow","ru","","static_app_route","Topic collection for future OpenClaw content"
"","","new_static_page","https://okhlopkov.com/topics/hermes-agent/","/topics/hermes-agent/","200","index, follow","ru","","static_app_route","Topic collection for Hermes Agent content"
"","","new_static_page","https://okhlopkov.com/topics/ton-data/","/topics/ton-data/","200","index, follow","ru","","static_app_route","Topic collection for TON data and analytics"
"","","new_static_page","https://okhlopkov.com/topics/telegram-automation/","/topics/telegram-automation/","200","index, follow","ru","","static_app_route","Topic collection for Telegram automation"
"","","new_static_page","https://okhlopkov.com/privacy/","/privacy/","200","index, follow","en","","static_app_route","Privacy policy for Pinterest app review and site data practices"
"","","new_static_page","https://okhlopkov.com/ru/blog/business-on-ai-agent-claude-code-paperclip-gstack/","/ru/blog/business-on-ai-agent-claude-code-paperclip-gstack/","200","index, follow","ru","AI-агенты ведут проект, пока я в отпуске: Claude Code, Paperclip и GStack без магии","dan_authored_blog_post","Native blog article written in Dan voice for okhlopkov.com."
"","","new_static_page","https://okhlopkov.com/ru/blog/my-ai-setup-2026-claude-code-cursor-spokenly-ghostty/","/ru/blog/my-ai-setup-2026-claude-code-cursor-spokenly-ghostty/","200","index, follow","ru","Мой AI-сетап 2026: Claude Code, Cursor, Ghostty, Spokenly и база всех чатов","dan_authored_blog_post","Native blog article written in Dan voice for okhlopkov.com."
"","","new_static_page","https://okhlopkov.com/ru/blog/vibecoding-telegram-mini-app-claude-code/","/ru/blog/vibecoding-telegram-mini-app-claude-code/","200","index, follow","ru","Telegram Mini App с Claude Code: llms.txt, крестики-нолики и деплой без чтения доков","dan_authored_blog_post","Native blog article written in Dan voice for okhlopkov.com."
"","","new_static_page","https://okhlopkov.com/ru/blog/ai-transformaciya-kompanii-obshchiy-kontekst-skills-gbrain/","/ru/blog/ai-transformaciya-kompanii-obshchiy-kontekst-skills-gbrain/","200","index, follow","ru","AI-трансформация в компании: общий контекст, skills и GBrain вместо хаоса на ноутбуках","dan_authored_blog_post","Native blog article written in Dan voice for okhlopkov.com."
"","","new_static_page","https://okhlopkov.com/ru/blog/gstack-goal-office-hours-ai-workflow/","/ru/blog/gstack-goal-office-hours-ai-workflow/","200","index, follow","ru","GStack, /goal и office hours: рабочий цикл для AI-агента без бесконечной простыни текста","dan_authored_blog_post","Native blog article written in Dan voice for okhlopkov.com."
"","","new_static_page","https://okhlopkov.com/ru/blog/claude-code-vs-codex-perehod/","/ru/blog/claude-code-vs-codex-perehod/","200","index, follow","ru","Claude Code vs Codex: почему я на две недели перешёл на Codex","dan_authored_blog_post","Native blog article written in Dan voice for okhlopkov.com."
"","","new_static_page","https://okhlopkov.com/ru/blog/ai-agents-s-chego-nachat/","/ru/blog/ai-agents-s-chego-nachat/","200","index, follow","ru","AI-агенты: с чего начать в 2026 — карта материалов, Claude Code, Codex и живые кейсы","dan_authored_blog_post","Native blog article written in Dan voice for okhlopkov.com."
"","","new_static_page","https://okhlopkov.com/ru/blog/improve-codebase-architecture-prompt/","/ru/blog/improve-codebase-architecture-prompt/","200","index, follow","ru","Claude Code skills для рефакторинга: что дать AI-агенту, когда задачи закончились","dan_authored_blog_post","Native blog article written in Dan voice for okhlopkov.com."
"","","new_static_page","https://okhlopkov.com/ru/articles/gde-deshevle-kupit-telegram-stars/","/ru/articles/gde-deshevle-kupit-telegram-stars/","200","index, follow","ru","Где дешевле купить Telegram Stars: боты, Split, Fragment и СБП","seo_generated_article","SEO-generated source-pack article; canonical under Articles, not Blog."
"","","new_static_page","https://okhlopkov.com/ru/articles/hermes-agent-vs-openclaw/","/ru/articles/hermes-agent-vs-openclaw/","200","index, follow","ru","Hermes Agent vs OpenClaw: что выбрать для AI-агента","seo_generated_article","SEO-generated source-pack article; canonical under Articles, not Blog."
"","","new_static_page","https://okhlopkov.com/ru/articles/ai-reels-seo-pipeline-telegram-claude-code/","/ru/articles/ai-reels-seo-pipeline-telegram-claude-code/","200","index, follow","ru","AI-рилзы для SEO: как собрать video pipeline из Telegram-трендов","seo_generated_article","SEO-generated source-pack article; canonical under Articles, not Blog."
"","","new_static_page","https://okhlopkov.com/ru/articles/kak-pravilno-pisat-skilly-claude-code-7-oshibok/","/ru/articles/kak-pravilno-pisat-skilly-claude-code-7-oshibok/","200","index, follow","ru","Claude Code skills: 7 ошибок в SKILL.md","seo_generated_article","SEO-generated source-pack article; canonical under Articles, not Blog."
